id,compartments,species,reactions,parameters,events,rules,function_definitions,time,bytes,gctime,gcstats,filesize
MODEL1703150000,9,2129,1474,5896,0,0,0,6.271925089,206052189,0.311734887,"Base.GC_Diff(206052189, 234, 0, 4297827, 3018, 96, 311734887, 1, 1)",5474990
MODEL1001200000,2,1748,1059,6103,0,0,0,9.484958256,54213985,0.0,"Base.GC_Diff(54213985, 99, 0, 1549444, 372, 0, 0, 0, 0)",5219685
BIOMD0000000497,2,295,285,2031,1,0,0,5.174880315,9605232,0.0,"Base.GC_Diff(9605232, 8, 0, 325760, 13, 0, 0, 0, 0)",2990743
BIOMD0000000496,2,295,285,2020,1,0,0,5.118963571,9579824,0.0,"Base.GC_Diff(9579824, 8, 0, 324959, 13, 0, 0, 0, 0)",2970772
MODEL1009150002,7,1604,1826,7304,0,0,0,5.085337304,15635770,0.829799745,"Base.GC_Diff(15635770, 15, 0, 305983, 17, 34, 829799745, 1, 0)",2619292
MODEL3632127506,2,872,1750,3422,0,0,0,2.523304768,14765656,0.0,"Base.GC_Diff(14765656, 15, 0, 319097, 14, 0, 0, 0, 0)",1703226
MODEL1007060000,4,1025,1001,4004,0,0,0,1.867753183,9940584,0.0,"Base.GC_Diff(9940584, 15, 0, 166753, 15, 0, 0, 0, 0)",1574016
BIOMD0000000579,5,240,175,272,0,0,0,0.584050068,2910504,0.0,"Base.GC_Diff(2910504, 6, 0, 37880, 123, 0, 0, 0, 0)",1518146
BIOMD0000000628,1,135,587,152,3,94,0,2.052178168,5021792,0.0,"Base.GC_Diff(5021792, 4, 0, 102482, 10, 0, 0, 0, 0)",1505136
BIOMD0000000474,5,133,367,388,0,29,0,1.304671303,3863499,0.0,"Base.GC_Diff(3863499, 5, 0, 95787, 11, 0, 0, 0, 0)",1085325
MODEL3631586579,1,436,850,1661,0,0,0,0.948385322,6830336,0.0,"Base.GC_Diff(6830336, 10, 0, 154097, 13, 0, 0, 0, 0)",802873
MODEL1505110000,3,77,68,440,0,3,0,0.75999821,1907552,0.0,"Base.GC_Diff(1907552, 4, 0, 61617, 10, 0, 0, 0, 0)",549199
MODEL1710030000,1,97,143,166,7,64,0,0.313308653,1501032,0.0,"Base.GC_Diff(1501032, 3, 0, 40422, 8, 0, 0, 0, 0)",545026
MODEL1006230090,1,0,0,650,0,376,0,12.419488444,3063168,0.0,"Base.GC_Diff(3063168, 2, 0, 124583, 7, 0, 0, 0, 0)",482581
BIOMD0000000505,2,54,59,224,0,1,0,1.873952032,1922368,0.0,"Base.GC_Diff(1922368, 4, 0, 63404, 10, 0, 0, 0, 0)",472367
BIOMD0000000627,6,65,64,228,0,23,0,0.248540257,1508504,0.0,"Base.GC_Diff(1508504, 4, 0, 37239, 12, 0, 0, 0, 0)",454725
BIOMD0000000183,1,67,352,61,0,46,0,0.412151413,2435576,0.0,"Base.GC_Diff(2435576, 4, 0, 54920, 10, 0, 0, 0, 0)",451300
MODEL1508170000,8,144,146,266,4,0,0,0.236871503,1629072,0.0,"Base.GC_Diff(1629072, 5, 0, 33047, 11, 0, 0, 0, 0)",441044
BIOMD0000000494,1,80,71,141,2,2,0,0.227456964,1080952,0.0,"Base.GC_Diff(1080952, 3, 0, 24977, 30, 0, 0, 0, 0)",440372
MODEL1708210000,1,59,106,124,1,0,0,1.258381295,2243328,0.0,"Base.GC_Diff(2243328, 3, 0, 76944, 11, 0, 0, 0, 0)",436941
BIOMD0000000506,2,54,59,224,0,2,0,2.256518695,1924648,0.419601297,"Base.GC_Diff(1924648, 4, 0, 63500, 10, 41, 419601297, 1, 1)",395357
BIOMD0000000636,1,78,113,169,0,8,0,0.172597105,1263776,0.0,"Base.GC_Diff(1263776, 3, 0, 27664, 9, 0, 0, 0, 0)",377351
MODEL1006230049,1,0,0,679,0,677,0,65.170487187,2441952,0.0,"Base.GC_Diff(2441952, 4, 0, 84327, 8, 0, 0, 0, 0)",376207
MODEL1006230053,1,0,0,679,0,677,0,65.641973033,2501920,0.0,"Base.GC_Diff(2501920, 4, 0, 85031, 8, 0, 0, 0, 0)",375211
MODEL1006230077,1,0,0,679,0,677,0,65.087864891,2433192,0.0,"Base.GC_Diff(2433192, 4, 0, 83937, 8, 0, 0, 0, 0)",375137
BIOMD0000000635,1,80,113,160,0,7,0,0.165259513,1245112,0.0,"Base.GC_Diff(1245112, 3, 0, 26866, 9, 0, 0, 0, 0)",366238
MODEL1001150000,1,156,480,48,0,1,0,0.299375066,2824352,0.0,"Base.GC_Diff(2824352, 4, 0, 62655, 10, 0, 0, 0, 0)",365802
BIOMD0000000491,3,57,86,172,0,0,0,0.184754001,1034440,0.0,"Base.GC_Diff(1034440, 4, 0, 16826, 10, 0, 0, 0, 0)",347835
BIOMD0000000492,3,52,88,176,0,0,0,0.186817973,1034688,0.0,"Base.GC_Diff(1034688, 4, 0, 16940, 10, 0, 0, 0, 0)",345228
MODEL1603270000,1,94,118,143,0,4,0,0.198314568,1146280,0.0,"Base.GC_Diff(1146280, 3, 0, 25779, 8, 0, 0, 0, 0)",336087
BIOMD0000000451,2,94,53,181,0,2,0,0.28064983,1150176,0.0,"Base.GC_Diff(1150176, 4, 0, 28139, 10, 0, 0, 0, 0)",326828
MODEL1410060000,2,45,41,171,0,25,0,0.207963279,967808,0.0,"Base.GC_Diff(967808, 3, 0, 22149, 9, 0, 0, 0, 0)",321510
BIOMD0000000453,1,109,117,188,0,1,0,0.167709232,1219792,0.0,"Base.GC_Diff(1219792, 4, 0, 24241, 10, 0, 0, 0, 0)",316738
BIOMD0000000452,1,109,117,187,0,1,0,0.178946201,1210120,0.0,"Base.GC_Diff(1210120, 4, 0, 24015, 10, 0, 0, 0, 0)",313995
MODEL1006230112,1,0,0,546,0,545,0,21.176412396,1630408,0.0,"Base.GC_Diff(1630408, 2, 0, 64767, 7, 0, 0, 0, 0)",292981
MODEL1006230100,1,0,0,546,0,545,0,21.257700453,1630392,0.0,"Base.GC_Diff(1630392, 2, 0, 64767, 7, 0, 0, 0, 0)",292927
BIOMD0000000699,2,36,48,23,1,12,0,0.157851402,643576,0.0,"Base.GC_Diff(643576, 1, 0, 12454, 17, 0, 0, 0, 0)",267718
BIOMD0000000701,2,36,48,23,1,12,0,0.154583195,627640,0.0,"Base.GC_Diff(627640, 1, 0, 12352, 11, 0, 0, 0, 0)",257122
MODEL1101170000,2,189,225,286,0,3,0,0.26775787,2233064,0.0,"Base.GC_Diff(2233064, 6, 0, 51832, 11, 0, 0, 0, 0)",255033
BIOMD0000000702,2,36,48,23,1,12,0,0.152273286,620096,0.0,"Base.GC_Diff(620096, 1, 0, 12377, 15, 0, 0, 0, 0)",248618
MODEL0406793751,1,0,0,298,0,213,0,0.358951744,1319848,0.0,"Base.GC_Diff(1319848, 2, 0, 50407, 6, 0, 0, 0, 0)",218248
BIOMD0000000503,2,76,34,192,0,4,0,0.264159038,997224,0.0,"Base.GC_Diff(997224, 3, 0, 27241, 9, 0, 0, 0, 0)",216486
BIOMD0000000613,7,31,58,268,1,141,0,0.438432276,1632468,0.0,"Base.GC_Diff(1632468, 3, 0, 32920, 9, 0, 0, 0, 0)",210340
BIOMD0000000725,1,51,31,93,0,0,0,0.123346899,619744,0.0,"Base.GC_Diff(619744, 2, 0, 14226, 8, 0, 0, 0, 0)",209604
BIOMD0000000504,4,75,132,131,0,0,0,0.110530859,917624,0.0,"Base.GC_Diff(917624, 3, 0, 18199, 9, 0, 0, 0, 0)",208969
MODEL1701170001,1,71,79,152,0,5,0,0.107968952,813768,0.0,"Base.GC_Diff(813768, 3, 0, 18561, 8, 0, 0, 0, 0)",208784
MODEL1006230030,1,0,0,509,0,385,0,0.263759075,1101472,0.0,"Base.GC_Diff(1101472, 2, 0, 41710, 7, 0, 0, 0, 0)",208131
MODEL0847999575,1,0,0,494,0,379,0,0.392116039,1078456,0.0,"Base.GC_Diff(1078456, 2, 0, 40725, 6, 0, 0, 0, 0)",207478
MODEL5950552398,1,61,53,234,0,0,0,0.422101524,1568312,0.0,"Base.GC_Diff(1568312, 4, 0, 51923, 9, 0, 0, 0, 0)",205326
BIOMD0000000463,1,39,50,55,0,19,0,0.086971682,558056,0.0,"Base.GC_Diff(558056, 2, 0, 10543, 8, 0, 0, 0, 0)",204801
MODEL1102210000,7,192,197,316,0,0,0,0.189791054,1806776,0.0,"Base.GC_Diff(1806776, 6, 0, 36991, 11, 0, 0, 0, 0)",202670
MODEL1411210000,5,35,0,131,0,75,0,0.094356654,513688,0.0,"Base.GC_Diff(513688, 1, 0, 15154, 6, 0, 0, 0, 0)",197103
MODEL1303260017,2,61,33,168,0,6,0,0.371578563,1006704,0.0,"Base.GC_Diff(1006704, 3, 0, 28641, 10, 0, 0, 0, 0)",196504
MODEL1303260018,2,61,33,168,0,6,0,0.372046648,1006704,0.0,"Base.GC_Diff(1006704, 3, 0, 28641, 10, 0, 0, 0, 0)",196441
MODEL1109150000,3,60,98,133,0,19,0,0.137412936,892312,0.0,"Base.GC_Diff(892312, 3, 0, 19532, 8, 0, 0, 0, 0)",195885
BIOMD0000000501,1,35,57,7,0,1,0,0.182864176,537560,0.0,"Base.GC_Diff(537560, 1, 0, 13165, 6, 0, 0, 0, 0)",195659
MODEL1303260016,2,61,33,166,0,6,0,0.369272215,1002376,0.0,"Base.GC_Diff(1002376, 3, 0, 28456, 10, 0, 0, 0, 0)",194370
MODEL1103210001,2,48,48,410,0,175,0,0.345054106,3392998,0.0,"Base.GC_Diff(3392998, 4, 0, 75165, 23, 0, 0, 0, 0)",193212
BIOMD0000000498,2,21,44,68,0,1,0,0.42089308,29452757,0.0,"Base.GC_Diff(29452757, 5, 0, 443677, 409, 0, 0, 0, 0)",191243
BIOMD0000000488,1,69,112,73,1,0,0,0.235236259,18705991,0.0,"Base.GC_Diff(18705991, 9, 0, 322739, 273, 0, 0, 0, 0)",187462
MODEL1303260015,2,61,32,155,0,6,0,0.463334231,33231693,0.0,"Base.GC_Diff(33231693, 25, 0, 612469, 544, 0, 0, 0, 0)",186811
MODEL1303260014,2,61,32,155,0,6,0,0.379700228,20808876,0.0,"Base.GC_Diff(20808876, 25, 0, 439680, 399, 0, 0, 0, 0)",186692
BIOMD0000000634,1,69,112,73,1,0,0,0.099102745,5743409,0.0,"Base.GC_Diff(5743409, 9, 0, 121605, 87, 0, 0, 0, 0)",183227
MODEL1303260013,2,61,31,146,0,6,0,0.336771712,10609826,0.0,"Base.GC_Diff(10609826, 22, 0, 267224, 200, 0, 0, 0, 0)",183155
MODEL1303260012,2,61,31,145,0,6,0,0.316953896,9401980,0.0,"Base.GC_Diff(9401980, 20, 0, 244845, 188, 0, 0, 0, 0)",179834
MODEL1303260011,2,61,30,142,0,6,0,0.310897899,9469496,0.0,"Base.GC_Diff(9469496, 17, 0, 241697, 168, 0, 0, 0, 0)",177423
MODEL1303260010,2,61,30,142,0,6,0,0.304823705,5229048,0.0,"Base.GC_Diff(5229048, 9, 0, 150942, 81, 0, 0, 0, 0)",177282
MODEL1303260009,2,61,30,142,0,6,0,0.302983934,7228696,0.0,"Base.GC_Diff(7228696, 16, 0, 205734, 110, 0, 0, 0, 0)",177157
MODEL1701170000,1,59,54,115,0,6,0,0.078769919,1751808,0.0,"Base.GC_Diff(1751808, 6, 0, 46247, 29, 0, 0, 0, 0)",175784
MODEL7914464799,1,0,0,371,0,195,0,0.321955383,4793736,0.0,"Base.GC_Diff(4793736, 10, 0, 138443, 57, 0, 0, 0, 0)",174900
MODEL1006230108,1,0,0,328,0,197,0,0.159404631,2031632,0.0,"Base.GC_Diff(2031632, 4, 0, 68411, 20, 0, 0, 0, 0)",172915
MODEL1303260008,2,61,28,132,0,6,0,0.289944338,2495072,0.0,"Base.GC_Diff(2495072, 7, 0, 72369, 32, 0, 0, 0, 0)",171255
MODEL0975191032,1,116,133,219,0,0,0,0.190154049,2352452,0.0,"Base.GC_Diff(2352452, 7, 0, 47572, 23, 0, 0, 0, 0)",169147
MODEL1303260007,2,61,26,129,0,6,0,0.289622822,2981739,0.0,"Base.GC_Diff(2981739, 7, 0, 75608, 32, 0, 0, 0, 0)",167166
MODEL1409240003,2,23,0,126,0,55,0,0.069570331,905872,0.0,"Base.GC_Diff(905872, 2, 0, 30144, 10, 0, 0, 0, 0)",165808
MODEL1006230058,1,0,0,319,0,187,0,0.16416933,2201368,0.0,"Base.GC_Diff(2201368, 7, 0, 69141, 24, 0, 0, 0, 0)",165606
MODEL1303260006,2,60,25,128,0,6,0,0.294149055,1778248,0.0,"Base.GC_Diff(1778248, 4, 0, 60398, 16, 0, 0, 0, 0)",164297
MODEL1006230092,1,0,0,277,0,275,0,0.709410374,22356522,0.311734887,"Base.GC_Diff(22356522, 20, 0, 434977, 75, 96, 311734887, 1, 1)",160481
BIOMD0000000625,1,19,38,50,0,0,0,0.059042855,666288,0.0,"Base.GC_Diff(666288, 1, 0, 13042, 12, 0, 0, 0, 0)",158969
BIOMD0000000750,1,8,25,41,0,1,0,0.068709516,881384,0.0,"Base.GC_Diff(881384, 2, 0, 23272, 10, 0, 0, 0, 0)",157665
MODEL1604100000,1,53,168,22,0,8,0,0.187423645,960896,0.0,"Base.GC_Diff(960896, 2, 0, 20242, 7, 0, 0, 0, 0)",155159
BIOMD0000000515,3,51,40,181,0,0,0,0.12577695,1336704,0.0,"Base.GC_Diff(1336704, 3, 0, 41131, 13, 0, 0, 0, 0)",154684
MODEL0912160004,1,0,0,243,0,133,0,0.358518291,1032496,0.0,"Base.GC_Diff(1032496, 2, 0, 38149, 5, 0, 0, 0, 0)",152800
BIOMD0000000151,2,68,72,105,0,0,0,0.083737196,782488,0.0,"Base.GC_Diff(782488, 3, 0, 16896, 8, 0, 0, 0, 0)",152056
BIOMD0000000516,3,50,40,179,0,0,0,0.123095233,840272,0.0,"Base.GC_Diff(840272, 3, 0, 21916, 9, 0, 0, 0, 0)",149238
MODEL1101100000,2,38,16,50,0,0,0,0.076615775,379656,0.0,"Base.GC_Diff(379656, 1, 0, 7774, 12, 0, 0, 0, 0)",148056
BIOMD0000000578,1,76,96,103,0,37,0,0.081377313,794432,0.0,"Base.GC_Diff(794432, 3, 0, 18019, 9, 0, 0, 0, 0)",147214
MODEL0911601070,1,0,0,241,0,90,0,0.198501867,1797016,0.0,"Base.GC_Diff(1797016, 3, 0, 63395, 14, 0, 0, 0, 0)",147009
MODEL7893871775,1,0,0,250,0,138,0,0.221516054,2211880,0.0,"Base.GC_Diff(2211880, 5, 0, 63572, 27, 0, 0, 0, 0)",145096
MODEL1303260005,2,51,22,111,0,5,0,0.246155126,934384,0.0,"Base.GC_Diff(934384, 2, 0, 24879, 13, 0, 0, 0, 0)",141174
BIOMD0000000161,7,46,43,131,0,12,0,0.091235203,689144,0.0,"Base.GC_Diff(689144, 3, 0, 16757, 8, 0, 0, 0, 0)",140633
BIOMD0000000697,1,16,30,25,0,6,0,0.078498627,354232,0.0,"Base.GC_Diff(354232, 0, 0, 6660, 12, 0, 0, 0, 0)",140196
MODEL1303260004,2,51,22,111,0,5,0,0.241184025,662104,0.0,"Base.GC_Diff(662104, 2, 0, 19845, 7, 0, 0, 0, 0)",140111
BIOMD0000000510,3,47,36,156,0,0,0,0.108280631,685024,0.0,"Base.GC_Diff(685024, 2, 0, 19493, 8, 0, 0, 0, 0)",139953
BIOMD0000000511,3,46,36,154,0,0,0,0.108033935,682480,0.0,"Base.GC_Diff(682480, 2, 0, 19415, 8, 0, 0, 0, 0)",139015
MODEL1606100000,4,11,12,100,0,32,0,0.125175402,400344,0.0,"Base.GC_Diff(400344, 1, 0, 11326, 7, 0, 0, 0, 0)",138461
BIOMD0000000514,3,46,35,150,0,0,0,0.105225769,665416,0.0,"Base.GC_Diff(665416, 2, 0, 18787, 8, 0, 0, 0, 0)",136686
MODEL1006230065,1,0,0,278,0,155,0,0.117185465,834000,0.0,"Base.GC_Diff(834000, 2, 0, 29963, 6, 0, 0, 0, 0)",134964
MODEL1112260002,5,56,135,135,0,10,0,0.132837656,890264,0.0,"Base.GC_Diff(890264, 3, 0, 18745, 8, 0, 0, 0, 0)",133916
MODEL1102210001,1,119,151,58,0,0,0,0.153144065,1033920,0.0,"Base.GC_Diff(1033920, 3, 0, 23790, 8, 0, 0, 0, 0)",132718
MODEL1303260003,2,46,21,106,0,5,0,0.235945078,638528,0.0,"Base.GC_Diff(638528, 2, 0, 18974, 7, 0, 0, 0, 0)",131086
BIOMD0000000651,1,29,16,34,0,0,0,0.04242326,275480,0.0,"Base.GC_Diff(275480, 1, 0, 4984, 7, 0, 0, 0, 0)",130597
MODEL1303260002,2,46,21,105,0,5,0,0.236508919,635816,0.0,"Base.GC_Diff(635816, 2, 0, 18859, 7, 0, 0, 0, 0)",130060
BIOMD0000000757,1,10,18,32,0,9,0,0.05679676,283208,0.0,"Base.GC_Diff(283208, 0, 0, 5100, 4, 0, 0, 0, 0)",128509
MODEL1303260001,2,46,19,95,0,5,0,0.223487849,596632,0.0,"Base.GC_Diff(596632, 2, 0, 17460, 7, 0, 0, 0, 0)",124242
MODEL1204240000,1,38,69,73,0,0,0,0.06530694,582296,0.0,"Base.GC_Diff(582296, 2, 0, 11554, 7, 0, 0, 0, 0)",124018
MODEL1506220000,1,32,12,45,0,0,0,0.056417567,326952,0.0,"Base.GC_Diff(326952, 1, 0, 6239, 19, 0, 0, 0, 0)",122153
MODEL1303260000,2,46,19,93,0,5,0,0.206030157,581888,0.0,"Base.GC_Diff(581888, 2, 0, 16842, 7, 0, 0, 0, 0)",121405
BIOMD0000000769,1,5,24,27,0,0,0,0.053246585,283992,0.0,"Base.GC_Diff(283992, 0, 0, 4864, 5, 0, 0, 0, 0)",119413
MODEL0912153452,1,0,0,214,0,122,0,0.205816441,734776,0.0,"Base.GC_Diff(734776, 2, 0, 25538, 5, 0, 0, 0, 0)",119313
MODEL1150151512,1,0,0,186,0,114,0,0.207782441,730696,0.0,"Base.GC_Diff(730696, 2, 0, 25082, 6, 0, 0, 0, 0)",116823
MODEL0318212660,1,15,41,55,0,0,0,0.050102184,364128,0.0,"Base.GC_Diff(364128, 1, 0, 5429, 7, 0, 0, 0, 0)",116819
MODEL1012090006,1,38,45,45,0,0,0,0.053010219,474976,0.0,"Base.GC_Diff(474976, 2, 0, 9142, 6, 0, 0, 0, 0)",116478
BIOMD0000000743,1,4,14,31,0,0,0,0.051693099,241392,0.0,"Base.GC_Diff(241392, 0, 0, 4509, 4, 0, 0, 0, 0)",115698
MODEL4992089662,3,47,36,106,0,3,0,0.09744907,579864,0.0,"Base.GC_Diff(579864, 2, 0, 15073, 8, 0, 0, 0, 0)",114145
MODEL1006230063,1,0,0,229,0,106,0,0.092510406,737240,0.0,"Base.GC_Diff(737240, 2, 0, 25521, 6, 0, 0, 0, 0)",113674
BIOMD0000000640,1,45,48,60,0,14,0,0.058109082,473512,0.0,"Base.GC_Diff(473512, 3, 0, 8850, 9, 0, 0, 0, 0)",112440
MODEL1009220000,2,28,21,110,0,0,0,0.156500377,487320,0.0,"Base.GC_Diff(487320, 1, 0, 13856, 7, 0, 0, 0, 0)",111955
BIOMD0000000759,1,6,19,24,0,1,0,0.050084364,248688,0.0,"Base.GC_Diff(248688, 0, 0, 4457, 5, 0, 0, 0, 0)",111743
MODEL0848116681,1,0,0,191,0,134,0,0.15235705,721184,0.0,"Base.GC_Diff(721184, 2, 0, 25205, 5, 0, 0, 0, 0)",110688
MODEL1006230078,1,0,0,191,0,134,0,0.096673372,717272,0.0,"Base.GC_Diff(717272, 2, 0, 24927, 6, 0, 0, 0, 0)",110596
MODEL1006230101,1,0,0,191,0,134,0,0.095073586,717272,0.0,"Base.GC_Diff(717272, 2, 0, 24927, 6, 0, 0, 0, 0)",110592
MODEL1006230087,1,0,0,191,0,134,0,0.094584303,717272,0.0,"Base.GC_Diff(717272, 2, 0, 24927, 6, 0, 0, 0, 0)",110586
MODEL7914759868,1,0,0,217,0,105,0,0.521443022,34129491,0.0,"Base.GC_Diff(34129491, 5, 0, 518311, 500, 0, 0, 0, 0)",110376
MODEL7814665196,1,0,0,188,0,102,0,0.224128379,17758982,0.0,"Base.GC_Diff(17758982, 8, 0, 305783, 269, 0, 0, 0, 0)",108681
MODEL1006230009,1,0,0,197,0,105,0,0.101928452,7995600,0.0,"Base.GC_Diff(7995600, 4, 0, 140155, 95, 0, 0, 0, 0)",107408
BIOMD0000000744,1,5,14,23,0,0,0,0.046627612,2850656,0.0,"Base.GC_Diff(2850656, 1, 0, 50318, 53, 0, 0, 0, 0)",107350
MODEL1006230048,1,0,0,215,0,138,0,0.108896025,4100523,0.0,"Base.GC_Diff(4100523, 7, 0, 95120, 82, 0, 0, 0, 0)",106755
MODEL1006230082,1,0,0,209,0,121,0,0.098258997,7906326,0.0,"Base.GC_Diff(7906326, 5, 0, 138612, 100, 0, 0, 0, 0)",106478
MODEL1006230008,1,0,0,209,0,121,0,0.110744336,10489461,0.0,"Base.GC_Diff(10489461, 9, 0, 189392, 205, 0, 0, 0, 0)",106469
MODEL1305010000,8,71,66,66,0,0,0,0.154862408,11721268,0.0,"Base.GC_Diff(11721268, 6, 0, 214932, 174, 0, 0, 0, 0)",106064
MODEL1006230080,1,0,0,204,0,95,0,0.09296347,3499819,0.0,"Base.GC_Diff(3499819, 7, 0, 96745, 83, 0, 0, 0, 0)",105657
BIOMD0000000632,1,9,14,44,1,9,0,0.06756027,2170288,0.0,"Base.GC_Diff(2170288, 5, 0, 47629, 70, 0, 0, 0, 0)",105451
MODEL1005200000,1,50,43,16,0,7,0,0.144848502,7667241,0.0,"Base.GC_Diff(7667241, 13, 0, 175638, 137, 0, 0, 0, 0)",104881
MODEL1006230088,1,0,0,203,0,120,0,0.092111064,3834205,0.0,"Base.GC_Diff(3834205, 7, 0, 85303, 64, 0, 0, 0, 0)",104176
BIOMD0000000513,3,31,21,90,0,0,0,0.074976277,2880633,0.0,"Base.GC_Diff(2880633, 5, 0, 70419, 58, 0, 0, 0, 0)",103519
MODEL1006230017,1,0,0,184,0,107,0,0.160543341,4427121,0.0,"Base.GC_Diff(4427121, 8, 0, 105300, 85, 0, 0, 0, 0)",102908
MODEL1011010000,2,22,20,93,0,0,0,0.145289416,5453830,0.0,"Base.GC_Diff(5453830, 11, 0, 136338, 113, 0, 0, 0, 0)",102801
BIOMD0000000658,2,16,17,31,0,7,0,0.050165008,1337158,0.0,"Base.GC_Diff(1337158, 1, 0, 25921, 30, 0, 0, 0, 0)",100520
MODEL8685104549,1,0,0,188,0,94,0,0.143286187,3131200,0.0,"Base.GC_Diff(3131200, 9, 0, 96650, 54, 0, 0, 0, 0)",100379
MODEL0847869198,1,0,0,163,0,97,0,0.158263547,4478335,0.0,"Base.GC_Diff(4478335, 12, 0, 123619, 84, 0, 0, 0, 0)",99304
MODEL1006230031,1,0,0,169,0,83,0,0.077947911,2780529,0.0,"Base.GC_Diff(2780529, 2, 0, 63798, 47, 0, 0, 0, 0)",97628
MODEL1006230020,1,0,0,169,0,83,0,0.085705482,3223920,0.0,"Base.GC_Diff(3223920, 7, 0, 85240, 56, 0, 0, 0, 0)",97371
MODEL1006230021,1,0,0,169,0,83,0,0.078180828,1795840,0.0,"Base.GC_Diff(1795840, 2, 0, 49018, 27, 0, 0, 0, 0)",97368
MODEL0913049417,1,0,0,146,0,102,0,0.122844992,1413688,0.0,"Base.GC_Diff(1413688, 3, 0, 49211, 18, 0, 0, 0, 0)",97102
BIOMD0000000768,1,5,13,23,0,1,0,0.044320519,865360,0.0,"Base.GC_Diff(865360, 1, 0, 20424, 16, 0, 0, 0, 0)",96994
MODEL1006230104,1,0,0,218,0,116,0,0.082527982,2534512,0.0,"Base.GC_Diff(2534512, 6, 0, 71807, 32, 0, 0, 0, 0)",96720
MODEL0847712949,1,0,0,195,0,106,0,0.124953959,2134824,0.0,"Base.GC_Diff(2134824, 4, 0, 60978, 34, 0, 0, 0, 0)",96413
MODEL1006230069,1,0,0,218,0,116,0,0.081828722,1424928,0.0,"Base.GC_Diff(1424928, 3, 0, 40930, 24, 0, 0, 0, 0)",96395
MODEL1006230089,1,0,0,172,0,82,0,0.078900568,2678408,0.0,"Base.GC_Diff(2678408, 6, 0, 73335, 42, 0, 0, 0, 0)",94918
MODEL7910499126,1,0,0,170,0,90,0,0.139133612,3523856,0.0,"Base.GC_Diff(3523856, 9, 0, 90082, 50, 0, 0, 0, 0)",94569
MODEL0913095435,1,0,0,211,0,106,0,0.140957134,1313944,0.0,"Base.GC_Diff(1313944, 3, 0, 38633, 18, 0, 0, 0, 0)",94388
MODEL1006230113,1,0,0,237,0,133,0,0.12167716,1800192,0.0,"Base.GC_Diff(1800192, 4, 0, 60119, 18, 0, 0, 0, 0)",93478
MODEL1006230012,1,0,0,176,0,96,0,0.079353902,605528,0.0,"Base.GC_Diff(605528, 2, 0, 19928, 6, 0, 0, 0, 0)",93185
BIOMD0000000796,1,5,13,27,0,5,0,0.036647937,210240,0.0,"Base.GC_Diff(210240, 0, 0, 3428, 5, 0, 0, 0, 0)",92639
MODEL1006230084,1,0,0,227,0,135,0,0.077944393,1529936,0.0,"Base.GC_Diff(1529936, 4, 0, 53186, 13, 0, 0, 0, 0)",92188
MODEL8683876463,1,0,0,153,0,87,0,0.121404256,594288,0.0,"Base.GC_Diff(594288, 2, 0, 19569, 5, 0, 0, 0, 0)",91938
MODEL1705030001,1,42,42,53,0,13,0,0.064048596,354792,0.0,"Base.GC_Diff(354792, 1, 0, 7782, 7, 0, 0, 0, 0)",91694
MODEL1705170005,4,52,85,83,0,0,0,0.066886323,1360376,0.0,"Base.GC_Diff(1360376, 5, 0, 34394, 17, 0, 0, 0, 0)",90763
MODEL1704190000,1,18,10,31,2,11,0,0.036146124,204720,0.0,"Base.GC_Diff(204720, 0, 0, 3846, 5, 0, 0, 0, 0)",90311
MODEL1006230085,1,0,0,157,0,90,0,0.124616626,2067556,0.0,"Base.GC_Diff(2067556, 5, 0, 52360, 15, 0, 0, 0, 0)",90168
BIOMD0000000146,1,36,34,75,0,7,0,0.075629159,813251,0.0,"Base.GC_Diff(813251, 1, 0, 15909, 6, 0, 0, 0, 0)",90028
MODEL1012090005,1,28,32,40,0,0,0,0.045216085,318856,0.0,"Base.GC_Diff(318856, 0, 0, 6675, 4, 0, 0, 0, 0)",89400
MODEL1704110004,1,48,85,84,0,0,0,0.056482183,568592,0.0,"Base.GC_Diff(568592, 3, 0, 10297, 8, 0, 0, 0, 0)",89133
MODEL0393108880,1,0,0,156,0,86,0,0.136191968,1246272,0.0,"Base.GC_Diff(1246272, 3, 0, 41714, 13, 0, 0, 0, 0)",88641
MODEL1112110002,1,2,0,21,0,8,0,0.033445226,606776,0.0,"Base.GC_Diff(606776, 1, 0, 18793, 9, 0, 0, 0, 0)",88124
MODEL1006230015,1,0,0,186,0,108,0,0.081049876,569216,0.0,"Base.GC_Diff(569216, 2, 0, 18477, 6, 0, 0, 0, 0)",87423
MODEL1109150002,1,44,48,55,0,0,0,0.078096181,1440152,0.0,"Base.GC_Diff(1440152, 5, 0, 43383, 15, 0, 0, 0, 0)",87415
MODEL0406270966,1,0,0,153,0,99,0,0.147604784,489480,0.0,"Base.GC_Diff(489480, 1, 0, 18986, 4, 0, 0, 0, 0)",86001
MODEL6623617994,1,22,16,85,0,0,0,0.11665299,534136,0.0,"Base.GC_Diff(534136, 1, 0, 18467, 5, 0, 0, 0, 0)",85290
MODEL1012090004,1,26,27,45,0,0,0,0.042697355,1066304,0.0,"Base.GC_Diff(1066304, 3, 0, 28849, 12, 0, 0, 0, 0)",84430
MODEL1705030000,1,42,39,50,0,13,0,0.053286502,337232,0.0,"Base.GC_Diff(337232, 1, 0, 7346, 7, 0, 0, 0, 0)",84256
BIOMD0000000756,1,4,11,20,0,0,0,0.049601579,183848,0.0,"Base.GC_Diff(183848, 0, 0, 3087, 5, 0, 0, 0, 0)",84009
BIOMD0000000500,2,14,18,7,0,1,0,0.051771745,503216,0.0,"Base.GC_Diff(503216, 2, 0, 11876, 8, 0, 0, 0, 0)",83955
MODEL1510230004,2,18,16,37,0,8,0,0.032944535,5684456,0.0,"Base.GC_Diff(5684456, 7, 0, 125854, 11, 0, 0, 0, 0)",83271
MODEL1510230005,2,18,16,37,0,8,0,0.032243085,3657824,0.0,"Base.GC_Diff(3657824, 2, 0, 69000, 7, 0, 0, 0, 0)",83199
BIOMD0000000165,3,37,30,62,0,8,0,0.44828686,9611959,0.311734887,"Base.GC_Diff(9611959, 7, 0, 165589, 14, 96, 311734887, 1, 1)",81792
MODEL1607210000,1,10,25,40,0,0,0,0.048457347,2307171,0.0,"Base.GC_Diff(2307171, 0, 0, 52207, 23, 0, 0, 0, 0)",81377
MODEL9810152478,1,0,0,177,0,100,0,0.110370257,1306312,0.0,"Base.GC_Diff(1306312, 3, 0, 30345, 17, 0, 0, 0, 0)",81231
MODEL1112050000,1,41,0,10,0,41,0,0.248880372,1454376,0.0,"Base.GC_Diff(1454376, 2, 0, 39435, 11, 0, 0, 0, 0)",81128
MODEL1006230076,1,0,0,84,0,55,0,0.934830455,5506576,0.0,"Base.GC_Diff(5506576, 16, 0, 156493, 57, 0, 0, 0, 0)",80830
BIOMD0000000741,1,4,10,28,0,4,0,0.033506396,163480,0.0,"Base.GC_Diff(163480, 0, 0, 2763, 4, 0, 0, 0, 0)",80769
BIOMD0000000801,1,4,13,17,0,3,0,0.037125511,1019672,0.0,"Base.GC_Diff(1019672, 2, 0, 32586, 9, 0, 0, 0, 0)",80021
MODEL6962035527,1,0,0,168,0,89,0,0.111847415,517528,0.0,"Base.GC_Diff(517528, 2, 0, 16190, 5, 0, 0, 0, 0)",79852
BIOMD0000000478,1,33,39,39,0,0,0,0.050666003,307488,0.0,"Base.GC_Diff(307488, 0, 0, 6329, 6, 0, 0, 0, 0)",79630
BIOMD0000000033,1,32,26,48,0,0,0,0.039703602,1183888,0.0,"Base.GC_Diff(1183888, 3, 0, 37487, 12, 0, 0, 0, 0)",79318
BIOMD0000000447,1,13,32,23,0,0,0,0.034222875,264504,0.0,"Base.GC_Diff(264504, 0, 0, 4847, 6, 0, 0, 0, 0)",78962
MODEL0912160003,1,0,0,147,0,76,0,0.440274911,29927280,0.0,"Base.GC_Diff(29927280, 5, 0, 455664, 419, 0, 0, 0, 0)",78651
BIOMD0000000928,1,4,13,14,1,0,0,0.051620225,1526414,0.0,"Base.GC_Diff(1526414, 1, 0, 29911, 23, 0, 0, 0, 0)",78298
MODEL0848342500,1,0,0,121,0,65,0,0.129564565,11776051,0.0,"Base.GC_Diff(11776051, 5, 0, 193826, 198, 0, 0, 0, 0)",77289
MODEL1504240000,1,19,21,27,0,0,0,0.035565623,3502485,0.0,"Base.GC_Diff(3502485, 2, 0, 54449, 45, 0, 0, 0, 0)",76877
BIOMD0000000745,1,5,10,13,0,0,0,0.049703465,5255764,0.0,"Base.GC_Diff(5255764, 1, 0, 94582, 47, 0, 0, 0, 0)",76851
MODEL1012090003,1,24,26,36,0,0,0,0.047575498,2761650,0.0,"Base.GC_Diff(2761650, 0, 0, 44080, 39, 0, 0, 0, 0)",75925
BIOMD0000000770,1,4,14,16,0,0,0,0.033894099,1649642,0.0,"Base.GC_Diff(1649642, 4, 0, 45497, 35, 0, 0, 0, 0)",75663
BIOMD0000000665,1,8,13,13,0,4,0,0.036544207,2843615,0.0,"Base.GC_Diff(2843615, 1, 0, 46691, 43, 0, 0, 0, 0)",75426
BIOMD0000000664,1,8,15,20,0,4,0,0.045563499,1280141,0.0,"Base.GC_Diff(1280141, 1, 0, 24099, 29, 0, 0, 0, 0)",75255
MODEL1204280028,1,27,28,45,1,0,0,0.042368718,1243231,0.0,"Base.GC_Diff(1243231, 4, 0, 28566, 33, 0, 0, 0, 0)",75043
MODEL1204280032,1,27,28,45,1,0,0,0.036862623,1981346,0.0,"Base.GC_Diff(1981346, 2, 0, 49854, 34, 0, 0, 0, 0)",74812
MODEL1109150001,1,33,33,46,0,0,0,0.037830798,1867870,0.0,"Base.GC_Diff(1867870, 2, 0, 33459, 21, 0, 0, 0, 0)",74631
BIOMD0000000766,1,5,11,15,0,0,0,0.033491064,5003830,0.0,"Base.GC_Diff(5003830, 2, 0, 86343, 54, 0, 0, 0, 0)",74195
MODEL0911665321,1,0,0,145,0,65,0,0.137225869,11939997,0.0,"Base.GC_Diff(11939997, 10, 0, 224908, 230, 0, 0, 0, 0)",73822
MODEL6624091635,1,34,29,151,0,0,0,0.076540022,5635838,0.0,"Base.GC_Diff(5635838, 4, 0, 98950, 77, 0, 0, 0, 0)",73464
MODEL1112110001,1,29,0,132,0,83,0,0.072947088,5281014,0.0,"Base.GC_Diff(5281014, 2, 0, 100329, 86, 0, 0, 0, 0)",72086
BIOMD0000000502,1,21,11,52,0,2,0,0.061162108,1697467,0.0,"Base.GC_Diff(1697467, 3, 0, 41948, 50, 0, 0, 0, 0)",71908
BIOMD0000000449,1,27,34,68,0,12,0,0.038260332,2179696,0.0,"Base.GC_Diff(2179696, 4, 0, 56562, 51, 0, 0, 0, 0)",71576
BIOMD0000000448,1,27,34,68,0,12,0,0.043298054,1501224,0.0,"Base.GC_Diff(1501224, 4, 0, 37232, 42, 0, 0, 0, 0)",71540
MODEL1006230121,1,0,0,132,0,73,0,0.11960547,5666361,0.0,"Base.GC_Diff(5666361, 9, 0, 124728, 112, 0, 0, 0, 0)",70974
BIOMD0000000791,1,5,11,13,1,1,0,0.030210345,2743101,0.0,"Base.GC_Diff(2743101, 4, 0, 55096, 36, 0, 0, 0, 0)",70935
MODEL1006230034,1,0,0,134,0,83,0,0.092198982,3009072,0.0,"Base.GC_Diff(3009072, 8, 0, 81541, 52, 0, 0, 0, 0)",70892
MODEL1510230003,2,13,14,33,0,5,0,0.025027005,1341729,0.0,"Base.GC_Diff(1341729, 2, 0, 28984, 26, 0, 0, 0, 0)",69283
MODEL1510230001,2,13,14,33,0,5,0,0.024432044,293464,0.0,"Base.GC_Diff(293464, 0, 0, 6412, 10, 0, 0, 0, 0)",69279
MODEL1204280004,2,11,10,26,0,0,0,0.051488709,3112825,0.0,"Base.GC_Diff(3112825, 5, 0, 60752, 55, 0, 0, 0, 0)",69178
MODEL1204280008,2,11,10,26,0,0,0,0.052077299,959600,0.0,"Base.GC_Diff(959600, 2, 0, 29643, 24, 0, 0, 0, 0)",69172
MODEL0912503622,1,0,0,132,0,70,0,0.12808788,3732352,0.0,"Base.GC_Diff(3732352, 10, 0, 109236, 62, 0, 0, 0, 0)",68917
BIOMD0000000746,1,4,11,12,0,0,0,0.030726988,870277,0.0,"Base.GC_Diff(870277, 1, 0, 17821, 28, 0, 0, 0, 0)",68859
MODEL1510230002,2,13,14,33,0,5,0,0.024257857,306768,0.0,"Base.GC_Diff(306768, 0, 0, 5335, 10, 0, 0, 0, 0)",68612
BIOMD0000000775,1,4,10,15,0,2,0,0.02987831,1343489,0.0,"Base.GC_Diff(1343489, 3, 0, 28519, 29, 0, 0, 0, 0)",68112
MODEL0912768548,1,0,0,128,0,66,0,0.079658065,2362414,0.0,"Base.GC_Diff(2362414, 3, 0, 58944, 46, 0, 0, 0, 0)",68068
MODEL1006230073,1,0,0,133,0,66,0,0.054824767,950608,0.0,"Base.GC_Diff(950608, 3, 0, 32342, 16, 0, 0, 0, 0)",67728
MODEL1004070000,2,32,30,49,0,0,0,0.045788566,615208,0.0,"Base.GC_Diff(615208, 1, 0, 12175, 17, 0, 0, 0, 0)",67671
BIOMD0000000773,1,3,6,21,0,5,0,0.028950095,2237448,0.0,"Base.GC_Diff(2237448, 7, 0, 65371, 30, 0, 0, 0, 0)",67388
BIOMD0000000764,1,4,9,25,0,12,0,0.028327305,490064,0.0,"Base.GC_Diff(490064, 1, 0, 12925, 13, 0, 0, 0, 0)",66976
MODEL1204280012,2,11,10,26,1,0,0,0.050589802,1194591,0.0,"Base.GC_Diff(1194591, 3, 0, 27789, 21, 0, 0, 0, 0)",66912
MODEL1204280016,2,11,10,26,1,0,0,0.050829888,755048,0.0,"Base.GC_Diff(755048, 2, 0, 20426, 21, 0, 0, 0, 0)",66904
BIOMD0000000805,1,4,10,14,0,2,0,0.028525151,1086408,0.0,"Base.GC_Diff(1086408, 2, 0, 36559, 19, 0, 0, 0, 0)",66060
MODEL0912180000,0,0,0,0,0,0,0,0.014931011,1031689,0.0,"Base.GC_Diff(1031689, 0, 0, 13965, 10, 0, 0, 0, 0)",65541
MODEL1204280026,1,24,23,37,1,0,0,0.031756661,614112,0.0,"Base.GC_Diff(614112, 1, 0, 14375, 14, 0, 0, 0, 0)",64673
MODEL1204280027,1,24,23,37,1,0,0,0.031444277,1074208,0.0,"Base.GC_Diff(1074208, 1, 0, 32542, 20, 0, 0, 0, 0)",64673
MODEL1204280031,1,24,23,37,1,0,0,0.031307379,2286400,0.0,"Base.GC_Diff(2286400, 5, 0, 61921, 24, 0, 0, 0, 0)",64499
MODEL1204280030,1,24,23,37,1,0,0,0.031110741,775344,0.0,"Base.GC_Diff(775344, 1, 0, 16972, 19, 0, 0, 0, 0)",64499
BIOMD0000000754,1,3,10,13,0,0,0,0.025936972,211864,0.0,"Base.GC_Diff(211864, 0, 0, 3594, 8, 0, 0, 0, 0)",64402
BIOMD0000000630,1,6,14,12,0,0,0,0.023129514,475704,0.0,"Base.GC_Diff(475704, 1, 0, 13643, 9, 0, 0, 0, 0)",64092
MODEL0406151557,1,0,0,122,0,64,0,0.073052958,930328,0.0,"Base.GC_Diff(930328, 2, 0, 35570, 9, 0, 0, 0, 0)",63731
MODEL1204280025,1,25,23,37,1,0,0,0.03839772,510512,0.0,"Base.GC_Diff(510512, 1, 0, 14652, 10, 0, 0, 0, 0)",63721
MODEL1204280029,1,25,23,37,1,0,0,0.035294728,778704,0.0,"Base.GC_Diff(778704, 1, 0, 26055, 9, 0, 0, 0, 0)",63547
BIOMD0000000748,1,4,11,8,0,0,0,0.026236237,399744,0.0,"Base.GC_Diff(399744, 1, 0, 11229, 7, 0, 0, 0, 0)",63536
MODEL1204280018,1,24,23,37,0,0,0,0.031784142,458088,0.0,"Base.GC_Diff(458088, 0, 0, 9039, 9, 0, 0, 0, 0)",63246
MODEL1204280019,1,24,23,37,0,0,0,0.031613414,468304,0.0,"Base.GC_Diff(468304, 2, 0, 8445, 10, 0, 0, 0, 0)",63246
MODEL1006230070,1,0,0,124,0,62,0,0.048460496,2171584,0.0,"Base.GC_Diff(2171584, 5, 0, 71019, 22, 0, 0, 0, 0)",63205
MODEL1204280022,1,24,23,37,0,0,0,0.030896734,241920,0.0,"Base.GC_Diff(241920, 0, 0, 5084, 5, 0, 0, 0, 0)",63072
MODEL1204280023,1,24,23,37,0,0,0,0.03058945,501208,0.0,"Base.GC_Diff(501208, 1, 0, 14199, 10, 0, 0, 0, 0)",63072
BIOMD0000000749,1,4,9,10,0,2,0,0.027099704,312376,0.0,"Base.GC_Diff(312376, 0, 0, 6890, 7, 0, 0, 0, 0)",62675
MODEL8236441887,1,19,19,73,0,0,0,0.074298968,1321024,0.0,"Base.GC_Diff(1321024, 3, 0, 37621, 19, 0, 0, 0, 0)",62535
BIOMD0000000804,1,3,6,20,0,3,0,0.027520587,968464,0.0,"Base.GC_Diff(968464, 2, 0, 27788, 16, 0, 0, 0, 0)",62382
MODEL1204280017,1,25,23,37,0,0,0,0.030785107,447040,0.0,"Base.GC_Diff(447040, 0, 0, 9429, 11, 0, 0, 0, 0)",62294
MODEL1204280021,1,25,23,37,0,0,0,0.031199511,536056,0.0,"Base.GC_Diff(536056, 1, 0, 15065, 11, 0, 0, 0, 0)",62120
MODEL1006230026,1,0,0,202,0,112,0,0.057022963,2228488,0.0,"Base.GC_Diff(2228488, 7, 0, 62982, 31, 0, 0, 0, 0)",61729
MODEL1302180001,1,19,19,34,0,0,0,0.067248437,1472888,0.0,"Base.GC_Diff(1472888, 4, 0, 40358, 20, 0, 0, 0, 0)",61510
MODEL1012090002,1,20,20,29,0,0,0,0.027071604,1477000,0.0,"Base.GC_Diff(1477000, 3, 0, 35167, 16, 0, 0, 0, 0)",61025
BIOMD0000000780,1,4,12,15,0,3,0,0.028926286,161336,0.0,"Base.GC_Diff(161336, 0, 0, 2891, 4, 0, 0, 0, 0)",60915
MODEL1204280010,1,11,10,22,1,0,0,0.036109885,174104,0.0,"Base.GC_Diff(174104, 0, 0, 4191, 4, 0, 0, 0, 0)",60807
MODEL1204280014,1,11,10,22,1,0,0,0.253962689,17668901,0.0,"Base.GC_Diff(17668901, 4, 0, 255268, 274, 0, 0, 0, 0)",60805
MODEL1204280034,1,11,10,22,1,0,0,0.0474178,4265062,0.0,"Base.GC_Diff(4265062, 0, 0, 67037, 44, 0, 0, 0, 0)",60737
MODEL1204280038,1,11,10,22,1,0,0,0.041622949,1015790,0.0,"Base.GC_Diff(1015790, 0, 0, 20450, 15, 0, 0, 0, 0)",60733
MODEL1204280011,1,11,10,22,1,0,0,0.045417471,3026746,0.0,"Base.GC_Diff(3026746, 2, 0, 52390, 46, 0, 0, 0, 0)",60683
MODEL1204280015,1,11,10,22,1,0,0,0.041921904,3838053,0.0,"Base.GC_Diff(3838053, 2, 0, 60563, 104, 0, 0, 0, 0)",60675
MODEL1204280035,1,11,10,22,1,0,0,0.041171966,4767628,0.0,"Base.GC_Diff(4767628, 1, 0, 71223, 49, 0, 0, 0, 0)",60613
MODEL1204280039,1,11,10,22,1,0,0,0.04162391,3543453,0.0,"Base.GC_Diff(3543453, 1, 0, 63113, 42, 0, 0, 0, 0)",60609
BIOMD0000000778,1,3,8,14,0,2,0,0.026111298,3486073,0.0,"Base.GC_Diff(3486073, 3, 0, 69458, 26, 0, 0, 0, 0)",60381
MODEL1502230000,3,14,6,32,0,6,0,0.057212609,4589669,0.0,"Base.GC_Diff(4589669, 0, 0, 69797, 61, 0, 0, 0, 0)",60134
MODEL1204280006,1,11,10,22,0,0,0,0.038921321,1730162,0.0,"Base.GC_Diff(1730162, 3, 0, 47206, 35, 0, 0, 0, 0)",59560
MODEL1204280002,1,11,10,22,0,0,0,0.037337366,2434104,0.0,"Base.GC_Diff(2434104, 1, 0, 39678, 39, 0, 0, 0, 0)",59560
MODEL1204280003,1,11,10,22,0,0,0,0.044941628,1803356,0.0,"Base.GC_Diff(1803356, 2, 0, 33553, 37, 0, 0, 0, 0)",59436
MODEL1204280007,1,11,10,22,0,0,0,0.049741364,755704,0.0,"Base.GC_Diff(755704, 1, 0, 17634, 26, 0, 0, 0, 0)",59428
BIOMD0000000626,1,6,6,20,0,0,0,0.039820768,2399881,0.0,"Base.GC_Diff(2399881, 5, 0, 58843, 42, 0, 0, 0, 0)",59018
MODEL1006230102,1,0,0,52,0,17,0,0.078511072,7454092,0.0,"Base.GC_Diff(7454092, 5, 0, 137125, 84, 0, 0, 0, 0)",58662
BIOMD0000000645,1,6,0,52,0,8,0,0.070858029,6708062,0.0,"Base.GC_Diff(6708062, 6, 0, 111297, 132, 0, 0, 0, 0)",58274
MODEL1302180002,1,20,20,36,0,0,0,0.146489276,12271259,0.0,"Base.GC_Diff(12271259, 7, 0, 232954, 196, 0, 0, 0, 0)",58262
MODEL1204280009,1,12,10,23,1,0,0,0.036231033,2566776,0.0,"Base.GC_Diff(2566776, 0, 0, 41455, 40, 0, 0, 0, 0)",58151
MODEL1204280013,1,12,10,23,1,0,0,0.032273093,1153096,0.0,"Base.GC_Diff(1153096, 2, 0, 30373, 24, 0, 0, 0, 0)",58141
MODEL1204280033,1,12,10,23,1,0,0,0.03250281,774192,0.0,"Base.GC_Diff(774192, 1, 0, 20901, 22, 0, 0, 0, 0)",58069
MODEL1204280037,1,12,10,23,1,0,0,0.032978942,1825851,0.0,"Base.GC_Diff(1825851, 5, 0, 50617, 41, 0, 0, 0, 0)",58064
MODEL1112110000,1,29,0,133,0,56,0,0.076500943,2612032,0.0,"Base.GC_Diff(2612032, 5, 0, 60335, 76, 0, 0, 0, 0)",57800
BIOMD0000000644,1,6,0,51,0,8,0,0.032358772,684968,0.0,"Base.GC_Diff(684968, 3, 0, 17874, 24, 0, 0, 0, 0)",57241
BIOMD0000000798,1,5,9,14,0,2,0,0.025900112,2970685,0.0,"Base.GC_Diff(2970685, 4, 0, 63091, 49, 0, 0, 0, 0)",57159
MODEL1008110000,2,24,70,82,0,5,0,0.066097713,2555756,0.0,"Base.GC_Diff(2555756, 3, 0, 54979, 47, 0, 0, 0, 0)",56937
MODEL1204280001,1,12,10,23,0,0,0,0.034104136,3092501,0.0,"Base.GC_Diff(3092501, 6, 0, 63968, 43, 0, 0, 0, 0)",56905
MODEL1204280005,1,12,10,23,0,0,0,0.031595664,597216,0.0,"Base.GC_Diff(597216, 1, 0, 13147, 12, 0, 0, 0, 0)",56894
MODEL8236480549,1,20,20,67,0,0,0,0.067133497,2507063,0.0,"Base.GC_Diff(2507063, 6, 0, 72135, 44, 0, 0, 0, 0)",55969
MODEL7519354389,1,50,56,87,0,6,0,0.074903928,3538179,0.0,"Base.GC_Diff(3538179, 5, 0, 66831, 67, 0, 0, 0, 0)",55649
MODEL4151491057,1,0,0,113,0,62,0,0.046921639,954624,0.0,"Base.GC_Diff(954624, 2, 0, 29559, 24, 0, 0, 0, 0)",55598
MODEL1007200000,4,33,35,108,0,2,0,0.121006539,3237008,0.0,"Base.GC_Diff(3237008, 8, 0, 90416, 55, 0, 0, 0, 0)",55507
BIOMD0000000802,1,4,8,11,0,3,0,0.02536616,675512,0.0,"Base.GC_Diff(675512, 1, 0, 15055, 24, 0, 0, 0, 0)",55318
BIOMD0000000643,1,6,0,47,0,8,0,0.027404689,420440,0.0,"Base.GC_Diff(420440, 1, 0, 9215, 14, 0, 0, 0, 0)",54996
BIOMD0000000427,1,21,22,54,0,0,0,0.054091538,2437751,0.0,"Base.GC_Diff(2437751, 3, 0, 50959, 45, 0, 0, 0, 0)",54914
MODEL0913145131,1,0,0,100,0,66,0,0.073855484,1319472,0.0,"Base.GC_Diff(1319472, 3, 0, 40971, 26, 0, 0, 0, 0)",53775
MODEL7980735163,1,0,0,150,0,47,0,0.08196277,1635312,0.0,"Base.GC_Diff(1635312, 4, 0, 44777, 36, 0, 0, 0, 0)",53270
BIOMD0000000659,2,7,0,25,5,13,0,0.040193492,2039344,0.0,"Base.GC_Diff(2039344, 6, 0, 59244, 28, 0, 0, 0, 0)",52694
MODEL1202170000,1,17,18,49,0,16,0,0.060831555,1323471,0.0,"Base.GC_Diff(1323471, 4, 0, 30862, 25, 0, 0, 0, 0)",52551
BIOMD0000000917,1,3,3,21,0,7,0,0.021145505,494192,0.0,"Base.GC_Diff(494192, 1, 0, 13131, 14, 0, 0, 0, 0)",51243
BIOMD0000000294,1,11,26,22,0,12,0,0.050602722,2278121,0.0,"Base.GC_Diff(2278121, 2, 0, 53749, 31, 0, 0, 0, 0)",50964
BIOMD0000000495,1,11,17,34,0,0,0,0.033445025,674568,0.0,"Base.GC_Diff(674568, 1, 0, 15651, 20, 0, 0, 0, 0)",50477
MODEL1002160000,1,19,17,64,0,10,0,0.055599925,1573024,0.0,"Base.GC_Diff(1573024, 3, 0, 46776, 29, 0, 0, 0, 0)",49044
MODEL2937159804,1,9,14,14,0,0,0,0.022499224,222424,0.0,"Base.GC_Diff(222424, 0, 0, 3130, 8, 0, 0, 0, 0)",48850
MODEL0848062679,1,0,0,80,0,29,0,0.07808648,3061568,0.0,"Base.GC_Diff(3061568, 6, 0, 81979, 41, 0, 0, 0, 0)",47909
MODEL1006230071,1,0,0,120,0,78,0,0.106388365,1360096,0.0,"Base.GC_Diff(1360096, 3, 0, 47425, 19, 0, 0, 0, 0)",47867
MODEL0479527919,1,0,0,72,0,39,0,0.051803574,1286888,0.0,"Base.GC_Diff(1286888, 2, 0, 40415, 18, 0, 0, 0, 0)",47812
MODEL1005050000,1,15,36,76,0,0,0,0.107040185,2858528,0.0,"Base.GC_Diff(2858528, 6, 0, 76840, 37, 0, 0, 0, 0)",47431
MODEL1006230099,1,0,0,52,0,17,0,0.066545617,888864,0.0,"Base.GC_Diff(888864, 2, 0, 28046, 17, 0, 0, 0, 0)",47382
BIOMD0000000300,1,16,10,16,0,14,0,0.043964885,417960,0.0,"Base.GC_Diff(417960, 0, 0, 9376, 10, 0, 0, 0, 0)",46846
BIOMD0000000707,1,5,10,10,0,0,0,0.017846196,858048,0.0,"Base.GC_Diff(858048, 2, 0, 24530, 9, 0, 0, 0, 0)",46714
BIOMD0000000789,1,4,5,8,2,1,0,0.020643043,93000,0.0,"Base.GC_Diff(93000, 0, 0, 1565, 3, 0, 0, 0, 0)",46446
BIOMD0000000781,1,3,8,10,0,2,0,0.02147679,108336,0.0,"Base.GC_Diff(108336, 0, 0, 1958, 2, 0, 0, 0, 0)",46414
BIOMD0000000526,1,18,19,15,0,1,0,0.027112503,594928,0.0,"Base.GC_Diff(594928, 1, 0, 16373, 13, 0, 0, 0, 0)",46412
BIOMD0000000525,1,18,19,15,0,1,0,0.026584942,968624,0.0,"Base.GC_Diff(968624, 2, 0, 27792, 16, 0, 0, 0, 0)",46404
MODEL1112050001,2,29,0,71,0,49,0,0.051911183,542472,0.0,"Base.GC_Diff(542472, 1, 0, 15164, 11, 0, 0, 0, 0)",46059
MODEL1710260002,1,17,14,14,1,0,0,0.020198219,1953584,0.0,"Base.GC_Diff(1953584, 5, 0, 54288, 27, 0, 0, 0, 0)",45950
BIOMD0000000753,1,2,7,8,0,0,0,0.019305303,98744,0.0,"Base.GC_Diff(98744, 0, 0, 1563, 3, 0, 0, 0, 0)",45753
MODEL1201140004,1,0,0,73,0,22,0,0.038953062,690416,0.0,"Base.GC_Diff(690416, 3, 0, 21871, 10, 0, 0, 0, 0)",45252
BIOMD0000000752,1,3,5,9,0,1,0,0.021870273,746744,0.0,"Base.GC_Diff(746744, 3, 0, 15658, 11, 0, 0, 0, 0)",44785
MODEL8459127548,2,30,34,37,0,0,0,0.051949252,1918144,0.0,"Base.GC_Diff(1918144, 3, 0, 50098, 21, 0, 0, 0, 0)",44614
MODEL0478740924,1,0,0,44,0,20,0,0.128512945,603136,0.0,"Base.GC_Diff(603136, 1, 0, 16082, 12, 0, 0, 0, 0)",44214
BIOMD0000000774,1,2,4,13,0,3,0,0.019384502,719376,0.0,"Base.GC_Diff(719376, 2, 0, 22234, 9, 0, 0, 0, 0)",44160
BIOMD0000000767,1,3,5,8,0,0,0,0.018716642,93576,0.0,"Base.GC_Diff(93576, 0, 0, 1527, 2, 0, 0, 0, 0)",43867
BIOMD0000000318,1,7,17,31,2,0,0,0.67033035,38471222,0.0,"Base.GC_Diff(38471222, 5, 0, 581418, 595, 0, 0, 0, 0)",43712
MODEL2003050002,1,5,11,12,0,0,0,0.04351384,1208822,0.0,"Base.GC_Diff(1208822, 0, 0, 22920, 17, 0, 0, 0, 0)",43589
BIOMD0000000732,1,5,6,14,0,0,0,0.021311112,1672621,0.0,"Base.GC_Diff(1672621, 1, 0, 27180, 24, 0, 0, 0, 0)",43574
MODEL1006230056,1,0,0,130,0,75,0,0.044276678,4257922,0.0,"Base.GC_Diff(4257922, 2, 0, 70042, 113, 0, 0, 0, 0)",43431
BIOMD0000000641,1,12,0,9,0,9,0,0.020343567,896760,0.0,"Base.GC_Diff(896760, 1, 0, 15497, 10, 0, 0, 0, 0)",43424
MODEL1409240002,2,8,6,14,0,2,0,0.016589704,2123223,0.0,"Base.GC_Diff(2123223, 1, 0, 31131, 7, 0, 0, 0, 0)",42590
MODEL1004070001,1,16,15,18,0,4,0,0.144062924,13694888,0.0,"Base.GC_Diff(13694888, 4, 0, 233119, 166, 0, 0, 0, 0)",42492
BIOMD0000000522,1,16,0,69,0,22,0,0.03832308,1949842,0.0,"Base.GC_Diff(1949842, 3, 0, 47460, 31, 0, 0, 0, 0)",41849
BIOMD0000000249,1,9,20,21,0,14,0,0.059596323,3705239,0.0,"Base.GC_Diff(3705239, 2, 0, 66194, 69, 0, 0, 0, 0)",41691
MODEL0913285268,1,0,0,97,0,28,0,0.089771329,3174844,0.0,"Base.GC_Diff(3174844, 6, 0, 77392, 61, 0, 0, 0, 0)",41688
BIOMD0000000639,1,17,10,13,0,0,0,0.017328813,203720,0.0,"Base.GC_Diff(203720, 0, 0, 3988, 10, 0, 0, 0, 0)",41603
BIOMD0000000126,1,9,11,24,2,16,0,0.197904905,18921955,0.0,"Base.GC_Diff(18921955, 14, 0, 335777, 306, 0, 0, 0, 0)",41455
BIOMD0000000529,3,13,12,49,0,5,0,0.085303437,5365022,0.0,"Base.GC_Diff(5365022, 4, 0, 96474, 83, 0, 0, 0, 0)",41379
MODEL1112150000,2,9,23,23,0,0,0,0.021182544,1959016,0.0,"Base.GC_Diff(1959016, 1, 0, 47461, 16, 0, 0, 0, 0)",40887
BIOMD0000000742,1,2,6,6,0,0,0,0.017769466,2542435,0.0,"Base.GC_Diff(2542435, 0, 0, 37462, 51, 0, 0, 0, 0)",40509
BIOMD0000000831,1,3,6,9,0,2,0,0.020344017,688835,0.0,"Base.GC_Diff(688835, 0, 0, 12229, 7, 0, 0, 0, 0)",39874
MODEL9808533471,1,0,0,74,0,41,0,0.046388866,1626768,0.0,"Base.GC_Diff(1626768, 3, 0, 43764, 33, 0, 0, 0, 0)",39814
BIOMD0000000528,3,13,12,49,0,5,0,0.035632882,846195,0.0,"Base.GC_Diff(846195, 1, 0, 19791, 27, 0, 0, 0, 0)",39642
BIOMD0000000523,1,18,13,12,0,1,0,0.021859333,1637328,0.0,"Base.GC_Diff(1637328, 4, 0, 46309, 36, 0, 0, 0, 0)",39024
BIOMD0000000524,1,18,13,12,0,1,0,0.02143586,565064,0.0,"Base.GC_Diff(565064, 0, 0, 11723, 19, 0, 0, 0, 0)",39018
BIOMD0000000795,1,2,6,6,0,0,0,0.017211635,638680,0.0,"Base.GC_Diff(638680, 1, 0, 13711, 20, 0, 0, 0, 0)",38972
MODEL1006230000,1,0,0,75,0,31,0,0.044903189,1523920,0.0,"Base.GC_Diff(1523920, 5, 0, 39952, 40, 0, 0, 0, 0)",38944
MODEL1006230018,1,0,0,80,0,37,0,0.030391542,836752,0.0,"Base.GC_Diff(836752, 3, 0, 21637, 29, 0, 0, 0, 0)",38468
BIOMD0000000169,1,11,27,32,0,0,0,0.0396788,3306776,0.0,"Base.GC_Diff(3306776, 3, 0, 63024, 52, 0, 0, 0, 0)",38385
MODEL1710260001,1,15,12,12,1,0,0,0.017037779,295384,0.0,"Base.GC_Diff(295384, 0, 0, 7316, 10, 0, 0, 0, 0)",38161
MODEL1006230024,1,0,0,54,0,32,0,0.055374448,3812342,0.0,"Base.GC_Diff(3812342, 6, 0, 83855, 53, 0, 0, 0, 0)",37242
BIOMD0000000760,1,2,4,9,0,0,0,0.016306989,1057312,0.0,"Base.GC_Diff(1057312, 3, 0, 21378, 14, 0, 0, 0, 0)",37200
MODEL1004010002,1,31,31,55,0,0,0,0.041396104,676936,0.0,"Base.GC_Diff(676936, 2, 0, 16648, 17, 0, 0, 0, 0)",37086
MODEL1004010001,1,31,31,55,0,0,0,0.043254525,1993600,0.0,"Base.GC_Diff(1993600, 5, 0, 60563, 35, 0, 0, 0, 0)",37074
MODEL1004010000,1,31,31,55,0,0,0,0.04032029,1065585,0.0,"Base.GC_Diff(1065585, 1, 0, 20553, 23, 0, 0, 0, 0)",37018
MODEL1172425728,1,0,0,109,0,64,0,0.077747115,3106833,0.0,"Base.GC_Diff(3106833, 5, 0, 63061, 58, 0, 0, 0, 0)",36586
MODEL8687196544,1,0,0,47,0,25,0,0.055168242,1026712,0.0,"Base.GC_Diff(1026712, 2, 0, 30938, 23, 0, 0, 0, 0)",36515
BIOMD0000000776,1,2,4,7,0,1,0,0.020767141,161176,0.0,"Base.GC_Diff(161176, 0, 0, 2932, 6, 0, 0, 0, 0)",35732
MODEL1704110001,1,18,31,31,0,0,0,0.022533864,945232,0.0,"Base.GC_Diff(945232, 2, 0, 28578, 14, 0, 0, 0, 0)",35123
MODEL7889395724,1,0,0,48,0,26,0,0.0318477,1686024,0.0,"Base.GC_Diff(1686024, 6, 0, 47688, 24, 0, 0, 0, 0)",35030
BIOMD0000000782,1,2,5,6,0,1,0,0.016328809,738008,0.0,"Base.GC_Diff(738008, 1, 0, 21429, 15, 0, 0, 0, 0)",34827
MODEL1006230114,1,0,0,89,0,41,0,0.028728749,630453,0.0,"Base.GC_Diff(630453, 1, 0, 14167, 20, 0, 0, 0, 0)",34516
MODEL1012140000,1,3,0,14,0,3,0,0.032102206,719080,0.0,"Base.GC_Diff(719080, 1, 0, 17650, 21, 0, 0, 0, 0)",34486
BIOMD0000000793,1,2,5,4,0,0,0,0.01432669,660041,0.0,"Base.GC_Diff(660041, 1, 0, 10697, 10, 0, 0, 0, 0)",34129
MODEL1611030000,1,5,8,5,0,0,0,0.014337809,797120,0.0,"Base.GC_Diff(797120, 1, 0, 19361, 18, 0, 0, 0, 0)",34044
BIOMD0000000751,1,2,3,6,0,1,0,0.014056994,609326,0.0,"Base.GC_Diff(609326, 1, 0, 9703, 11, 0, 0, 0, 0)",33460
MODEL1409240001,1,7,0,17,1,7,0,0.014831812,379544,0.0,"Base.GC_Diff(379544, 0, 0, 9896, 10, 0, 0, 0, 0)",33276
MODEL1006230027,1,0,0,63,0,32,0,0.023507028,440456,0.0,"Base.GC_Diff(440456, 1, 0, 10381, 11, 0, 0, 0, 0)",33259
MODEL0912044015,1,0,0,84,0,35,0,0.051313581,871896,0.0,"Base.GC_Diff(871896, 3, 0, 31226, 12, 0, 0, 0, 0)",33115
BIOMD0000000624,1,7,5,9,0,0,0,0.015222006,89616,0.0,"Base.GC_Diff(89616, 0, 0, 1637, 3, 0, 0, 0, 0)",32675
MODEL1409230001,1,9,4,7,0,0,0,0.014156183,464936,0.0,"Base.GC_Diff(464936, 1, 0, 15924, 8, 0, 0, 0, 0)",31977
BIOMD0000000758,1,2,4,4,0,0,0,0.013490402,70720,0.0,"Base.GC_Diff(70720, 0, 0, 1008, 3, 0, 0, 0, 0)",31793
MODEL1710260004,1,8,13,13,1,0,0,0.015066578,124280,0.0,"Base.GC_Diff(124280, 0, 0, 2342, 4, 0, 0, 0, 0)",31687
MODEL1710260000,1,12,9,9,1,0,0,0.014467218,698768,0.0,"Base.GC_Diff(698768, 2, 0, 18016, 14, 0, 0, 0, 0)",31149
MODEL1006230096,1,0,0,68,0,26,0,0.024160868,1571696,0.0,"Base.GC_Diff(1571696, 6, 0, 45426, 18, 0, 0, 0, 0)",31011
MODEL1006230059,1,0,0,68,0,26,0,0.022588123,508248,0.0,"Base.GC_Diff(508248, 1, 0, 15983, 14, 0, 0, 0, 0)",31003
MODEL1006230095,1,0,0,68,0,26,0,0.022468364,328560,0.0,"Base.GC_Diff(328560, 1, 0, 8398, 8, 0, 0, 0, 0)",30990
MODEL1006230068,1,0,0,68,0,26,0,0.023281052,376816,0.0,"Base.GC_Diff(376816, 2, 0, 9018, 9, 0, 0, 0, 0)",30987
MODEL1006230016,1,0,0,68,0,26,0,0.022420995,816791,0.0,"Base.GC_Diff(816791, 1, 0, 18747, 12, 0, 0, 0, 0)",30882
MODEL1006230010,1,0,0,68,0,26,0,0.022609243,301176,0.0,"Base.GC_Diff(301176, 1, 0, 8160, 9, 0, 0, 0, 0)",30881
MODEL1006230105,1,0,0,64,0,21,0,0.02274564,488552,0.0,"Base.GC_Diff(488552, 1, 0, 12803, 14, 0, 0, 0, 0)",30602
MODEL1006230072,1,0,0,37,0,24,0,0.02081442,721096,0.0,"Base.GC_Diff(721096, 1, 0, 27658, 8, 0, 0, 0, 0)",30287
MODEL1705170004,1,19,25,25,0,0,0,0.016562015,1119265,0.0,"Base.GC_Diff(1119265, 0, 0, 16686, 13, 0, 0, 0, 0)",30145
MODEL1006230029,1,0,0,63,0,22,0,0.021878913,432968,0.0,"Base.GC_Diff(432968, 1, 0, 9242, 10, 0, 0, 0, 0)",30137
MODEL1708310001,1,1,0,17,0,6,0,0.012678875,323528,0.0,"Base.GC_Diff(323528, 0, 0, 7013, 9, 0, 0, 0, 0)",30034
MODEL6963432821,1,0,0,45,0,26,0,0.037672881,1168008,0.0,"Base.GC_Diff(1168008, 2, 0, 36122, 20, 0, 0, 0, 0)",29992
BIOMD0000000145,2,7,11,32,0,10,0,0.019812155,283752,0.0,"Base.GC_Diff(283752, 0, 0, 5573, 9, 0, 0, 0, 0)",29952
MODEL1609100001,1,7,7,7,0,0,0,0.013562602,384120,0.0,"Base.GC_Diff(384120, 1, 0, 9760, 9, 0, 0, 0, 0)",29914
MODEL0911120000,3,9,18,45,4,12,0,0.045612298,2431832,0.0,"Base.GC_Diff(2431832, 5, 0, 63954, 29, 0, 0, 0, 0)",29715
BIOMD0000000671,1,7,0,14,0,7,0,0.011821448,323584,0.0,"Base.GC_Diff(323584, 0, 0, 6671, 9, 0, 0, 0, 0)",28342
BIOMD0000000650,1,3,0,13,2,3,0,0.740580318,38804598,0.0,"Base.GC_Diff(38804598, 5, 0, 588522, 608, 0, 0, 0, 0)",27694
MODEL0912160000,1,0,0,57,0,33,0,0.052829116,1748030,0.0,"Base.GC_Diff(1748030, 1, 0, 33913, 25, 0, 0, 0, 0)",27675
MODEL1006230044,1,0,0,65,0,10,0,0.036583357,2699794,0.0,"Base.GC_Diff(2699794, 1, 0, 45033, 36, 0, 0, 0, 0)",27542
BIOMD0000000121,1,6,5,19,2,10,0,0.110740585,10514201,0.0,"Base.GC_Diff(10514201, 4, 0, 169290, 178, 0, 0, 0, 0)",27315
BIOMD0000000099,2,7,14,14,0,0,0,0.036794584,4250230,0.0,"Base.GC_Diff(4250230, 3, 0, 82267, 36, 0, 0, 0, 0)",27009
BIOMD0000000860,1,4,5,5,1,0,0,0.068596464,5322861,0.0,"Base.GC_Diff(5322861, 0, 0, 80658, 73, 0, 0, 0, 0)",26887
MODEL1006230045,1,0,0,36,0,16,0,0.030234445,1621058,0.0,"Base.GC_Diff(1621058, 3, 0, 45194, 30, 0, 0, 0, 0)",26747
MODEL7907879432,1,0,0,56,0,27,0,0.041901046,2582784,0.0,"Base.GC_Diff(2582784, 2, 0, 44083, 43, 0, 0, 0, 0)",26283
MODEL0568648427,3,33,33,0,0,0,0,0.029124532,1411644,0.0,"Base.GC_Diff(1411644, 1, 0, 23149, 25, 0, 0, 0, 0)",26186
MODEL1006230039,1,0,0,53,0,17,0,0.061048831,1047352,0.0,"Base.GC_Diff(1047352, 1, 0, 24659, 36, 0, 0, 0, 0)",26185
MODEL7888000034,1,0,0,70,0,37,0,0.061296607,3232537,0.0,"Base.GC_Diff(3232537, 6, 0, 75120, 55, 0, 0, 0, 0)",26164
MODEL1511170002,1,6,9,10,0,0,0,0.0136007,588228,0.0,"Base.GC_Diff(588228, 0, 0, 9869, 4, 0, 0, 0, 0)",26142
MODEL1704110003,1,16,21,21,0,0,0,0.015370354,3281520,0.0,"Base.GC_Diff(3281520, 1, 0, 50546, 28, 0, 0, 0, 0)",26052
MODEL1006230003,1,0,0,47,0,12,0,0.043287244,2952376,0.0,"Base.GC_Diff(2952376, 4, 0, 65020, 42, 0, 0, 0, 0)",25828
MODEL1006230106,1,0,0,47,0,12,0,0.04228338,5757028,0.0,"Base.GC_Diff(5757028, 5, 0, 93890, 125, 0, 0, 0, 0)",25826
BIOMD0000000642,1,4,0,18,0,3,0,0.01425157,1387514,0.0,"Base.GC_Diff(1387514, 0, 0, 22139, 23, 0, 0, 0, 0)",25823
BIOMD0000000507,1,3,4,11,0,1,0,0.012145684,1827591,0.0,"Base.GC_Diff(1827591, 0, 0, 26251, 35, 0, 0, 0, 0)",25436
MODEL1006230083,1,0,0,18,0,5,0,0.016963509,778808,0.0,"Base.GC_Diff(778808, 2, 0, 26240, 10, 0, 0, 0, 0)",25058
MODEL1202030000,1,14,24,24,0,0,0,0.02733956,1542792,0.0,"Base.GC_Diff(1542792, 1, 0, 37575, 25, 0, 0, 0, 0)",24754
BIOMD0000000493,1,3,6,23,2,0,0,0.037462943,2054296,0.0,"Base.GC_Diff(2054296, 1, 0, 31023, 29, 0, 0, 0, 0)",24656
MODEL1006230037,1,0,0,32,0,19,0,0.038945131,3252598,0.0,"Base.GC_Diff(3252598, 3, 0, 55683, 49, 0, 0, 0, 0)",24467
MODEL1511170001,1,5,8,8,0,0,0,0.012061494,2118006,0.0,"Base.GC_Diff(2118006, 0, 0, 45737, 27, 0, 0, 0, 0)",24007
MODEL1705170003,1,14,19,18,0,0,0,0.013961755,1607901,0.0,"Base.GC_Diff(1607901, 0, 0, 23429, 27, 0, 0, 0, 0)",23803
BIOMD0000000517,1,4,9,20,0,6,0,0.023164844,1144747,0.0,"Base.GC_Diff(1144747, 1, 0, 21843, 16, 0, 0, 0, 0)",23772
BIOMD0000000518,1,4,9,20,0,6,0,0.024828588,738856,0.0,"Base.GC_Diff(738856, 1, 0, 20897, 15, 0, 0, 0, 0)",23768
MODEL9811206584,1,0,0,22,0,8,0,0.022230277,625928,0.0,"Base.GC_Diff(625928, 1, 0, 18221, 15, 0, 0, 0, 0)",23767
MODEL1511170000,1,5,8,8,0,0,0,0.011199738,196952,0.0,"Base.GC_Diff(196952, 0, 0, 4198, 8, 0, 0, 0, 0)",23692
MODEL0912835813,1,0,0,46,0,16,0,0.034687176,1275283,0.0,"Base.GC_Diff(1275283, 5, 0, 28841, 36, 0, 0, 0, 0)",23518
MODEL1710260003,1,6,9,9,1,0,0,0.012295501,1057632,0.0,"Base.GC_Diff(1057632, 0, 0, 32513, 21, 0, 0, 0, 0)",23495
MODEL1208030000,1,16,10,27,0,10,0,0.014610835,221728,0.0,"Base.GC_Diff(221728, 0, 0, 4592, 7, 0, 0, 0, 0)",23485
MODEL8236520494,1,7,7,24,0,0,0,0.021884844,883808,0.0,"Base.GC_Diff(883808, 1, 0, 19053, 29, 0, 0, 0, 0)",22866
MODEL1006230064,1,0,0,58,0,30,0,0.023076444,653224,0.0,"Base.GC_Diff(653224, 3, 0, 15236, 21, 0, 0, 0, 0)",22755
MODEL0911270005,1,0,0,56,0,25,0,0.023535868,950608,0.0,"Base.GC_Diff(950608, 3, 0, 26990, 21, 0, 0, 0, 0)",21845
MODEL0995500644,1,12,13,41,0,0,0,0.020156989,473480,0.0,"Base.GC_Diff(473480, 1, 0, 10989, 17, 0, 0, 0, 0)",21759
MODEL1704110000,1,11,17,17,0,0,0,0.012248352,413496,0.0,"Base.GC_Diff(413496, 1, 0, 10496, 15, 0, 0, 0, 0)",21602
MODEL1704110002,1,13,17,17,0,0,0,0.012860312,2485141,0.0,"Base.GC_Diff(2485141, 3, 0, 49635, 34, 0, 0, 0, 0)",21559
MODEL0913003363,1,0,0,32,0,11,0,0.033698392,797419,0.0,"Base.GC_Diff(797419, 0, 0, 14851, 16, 0, 0, 0, 0)",21437
MODEL1006230033,1,0,0,37,0,17,0,0.016803861,429800,0.0,"Base.GC_Diff(429800, 1, 0, 9159, 12, 0, 0, 0, 0)",21242
MODEL1705170000,4,12,16,15,0,0,0,0.012443748,1192265,0.0,"Base.GC_Diff(1192265, 2, 0, 28669, 14, 0, 0, 0, 0)",21234
MODEL0912096133,1,0,0,42,0,9,0,0.032640419,2433053,0.0,"Base.GC_Diff(2433053, 4, 0, 50412, 36, 0, 0, 0, 0)",20839
MODEL7891585309,1,0,0,49,0,16,0,0.025659006,1092760,0.0,"Base.GC_Diff(1092760, 3, 0, 22895, 15, 0, 0, 0, 0)",20603
MODEL0911989198,1,0,0,40,0,12,0,0.019845654,258080,0.0,"Base.GC_Diff(258080, 0, 0, 6602, 7, 0, 0, 0, 0)",20134
MODEL1006230081,1,0,0,34,0,16,0,0.015882446,397672,0.0,"Base.GC_Diff(397672, 1, 0, 10168, 10, 0, 0, 0, 0)",19802
BIOMD0000000456,1,11,6,12,0,0,0,0.023515818,1115136,0.0,"Base.GC_Diff(1115136, 3, 0, 37470, 16, 0, 0, 0, 0)",19677
BIOMD0000000138,1,1,1,40,0,15,0,0.027147613,1287841,0.0,"Base.GC_Diff(1287841, 2, 0, 28460, 22, 0, 0, 0, 0)",19642
BIOMD0000000670,1,3,0,8,0,3,0,0.013529263,62184,0.0,"Base.GC_Diff(62184, 0, 0, 1438, 3, 0, 0, 0, 0)",19623
MODEL8262229752,1,21,25,25,0,0,0,0.016308408,655264,0.0,"Base.GC_Diff(655264, 1, 0, 13607, 16, 0, 0, 0, 0)",19540
MODEL7909395757,1,0,0,35,0,21,0,0.029136303,2434625,0.0,"Base.GC_Diff(2434625, 4, 0, 45069, 41, 0, 0, 0, 0)",19384
BIOMD0000000519,1,3,7,13,0,5,0,0.018712882,285152,0.0,"Base.GC_Diff(285152, 0, 0, 6925, 8, 0, 0, 0, 0)",19381
MODEL1006230116,1,0,0,35,0,17,0,0.015165218,92440,0.0,"Base.GC_Diff(92440, 0, 0, 2870, 4, 0, 0, 0, 0)",19057
MODEL1012140001,1,3,0,14,0,3,0,0.019041568,582248,0.0,"Base.GC_Diff(582248, 2, 0, 19849, 12, 0, 0, 0, 0)",18955
MODEL8938094216,1,15,16,16,0,2,0,0.016323158,354712,0.0,"Base.GC_Diff(354712, 0, 0, 8514, 8, 0, 0, 0, 0)",18641
MODEL0848507209,1,0,0,12,0,6,0,0.015133278,83464,0.0,"Base.GC_Diff(83464, 0, 0, 2599, 3, 0, 0, 0, 0)",18556
BIOMD0000000520,1,3,7,12,0,1,0,0.019044228,272384,0.0,"Base.GC_Diff(272384, 1, 0, 7784, 8, 0, 0, 0, 0)",18544
MODEL0491251823,1,0,0,35,0,15,0,0.033998637,826144,0.0,"Base.GC_Diff(826144, 2, 0, 26253, 11, 0, 0, 0, 0)",18419
MODEL0911270007,1,0,0,43,0,25,0,0.02863515,1685072,0.0,"Base.GC_Diff(1685072, 5, 0, 45082, 25, 0, 0, 0, 0)",18324
BIOMD0000000455,1,9,5,10,0,0,0,0.021907333,731264,0.0,"Base.GC_Diff(731264, 2, 0, 24651, 13, 0, 0, 0, 0)",18315
BIOMD0000000052,1,11,11,11,0,0,0,0.010955342,407173,0.0,"Base.GC_Diff(407173, 0, 0, 6186, 12, 0, 0, 0, 0)",18292
MODEL1006230060,1,0,0,41,0,8,0,0.018080012,273376,0.0,"Base.GC_Diff(273376, 1, 0, 7887, 8, 0, 0, 0, 0)",18024
MODEL7896869925,1,0,0,31,0,9,0,0.027024514,560376,0.0,"Base.GC_Diff(560376, 0, 0, 11473, 19, 0, 0, 0, 0)",17977
BIOMD0000000158,1,3,6,14,2,1,0,0.011009921,408928,0.0,"Base.GC_Diff(408928, 1, 0, 11367, 11, 0, 0, 0, 0)",17944
MODEL1201070001,1,0,0,49,0,14,0,0.013294615,688233,0.0,"Base.GC_Diff(688233, 2, 0, 11664, 12, 0, 0, 0, 0)",17848
MODEL1610100002,1,9,12,12,1,0,0,0.00974237,597664,0.0,"Base.GC_Diff(597664, 0, 0, 14953, 10, 0, 0, 0, 0)",17452
MODEL1006230115,1,0,0,26,0,8,0,0.010714726,159104,0.0,"Base.GC_Diff(159104, 0, 0, 3577, 7, 0, 0, 0, 0)",17284
MODEL1201140006,1,0,0,21,0,10,0,0.015275395,837934,0.0,"Base.GC_Diff(837934, 1, 0, 16022, 13, 0, 0, 0, 0)",17276
BIOMD0000000454,1,8,4,8,0,0,0,0.308090957,22177212,0.0,"Base.GC_Diff(22177212, 5, 0, 326217, 321, 0, 0, 0, 0)",16940
MODEL8686121468,1,0,0,27,0,16,0,0.016443957,264496,0.0,"Base.GC_Diff(264496, 0, 0, 5296, 3, 0, 0, 0, 0)",16801
MODEL7908934508,1,0,0,22,0,11,0,0.026124227,825950,0.0,"Base.GC_Diff(825950, 0, 0, 15375, 12, 0, 0, 0, 0)",16584
MODEL1006230035,1,0,0,19,0,6,0,0.024656041,1814597,0.0,"Base.GC_Diff(1814597, 1, 0, 29892, 28, 0, 0, 0, 0)",16500
MODEL1006230032,1,0,0,28,0,12,0,0.116697733,10603678,0.0,"Base.GC_Diff(10603678, 5, 0, 176726, 180, 0, 0, 0, 0)",16337
MODEL1112110003,1,6,0,35,0,17,0,0.065613271,6855265,0.0,"Base.GC_Diff(6855265, 3, 0, 120323, 70, 0, 0, 0, 0)",16146
MODEL1610100003,1,8,9,9,2,0,0,0.009761119,1137645,0.0,"Base.GC_Diff(1137645, 0, 0, 16364, 16, 0, 0, 0, 0)",16087
MODEL1611150001,1,0,0,25,0,6,0,0.00846157,628619,0.0,"Base.GC_Diff(628619, 0, 0, 10778, 7, 0, 0, 0, 0)",16000
BIOMD0000000521,2,4,0,10,0,5,0,0.009668611,1355347,0.0,"Base.GC_Diff(1355347, 0, 0, 20334, 19, 0, 0, 0, 0)",15870
MODEL6185746832,1,14,18,18,0,0,0,0.014184732,512431,0.0,"Base.GC_Diff(512431, 0, 0, 7457, 6, 0, 0, 0, 0)",15698
BIOMD0000000104,1,6,2,2,1,1,0,0.007927618,495616,0.0,"Base.GC_Diff(495616, 0, 0, 7735, 5, 0, 0, 0, 0)",15663
MODEL1304300000,1,8,4,8,0,0,0,0.020939488,883458,0.0,"Base.GC_Diff(883458, 3, 0, 20139, 16, 0, 0, 0, 0)",15573
MODEL1705170002,1,8,11,11,0,0,0,0.00842346,502008,0.0,"Base.GC_Diff(502008, 0, 0, 18164, 8, 0, 0, 0, 0)",15496
MODEL1201140000,1,0,0,45,0,12,0,0.011512592,400184,0.0,"Base.GC_Diff(400184, 1, 0, 10678, 12, 0, 0, 0, 0)",15450
MODEL1006230075,1,0,0,19,0,7,0,0.008936293,255008,0.0,"Base.GC_Diff(255008, 0, 0, 4695, 9, 0, 0, 0, 0)",15307
MODEL1006230110,1,0,0,22,0,8,0,0.029168961,2307048,0.0,"Base.GC_Diff(2307048, 1, 0, 37940, 32, 0, 0, 0, 0)",15296
MODEL1006230055,1,0,0,22,0,13,0,0.009517963,669143,0.0,"Base.GC_Diff(669143, 0, 0, 11651, 14, 0, 0, 0, 0)",15248
MODEL1201070000,1,0,0,47,0,12,0,0.012004426,518357,0.0,"Base.GC_Diff(518357, 1, 0, 8606, 6, 0, 0, 0, 0)",15105
MODEL1006230040,1,0,0,20,0,7,0,0.015627109,209296,0.0,"Base.GC_Diff(209296, 0, 0, 3425, 7, 0, 0, 0, 0)",14893
MODEL1202030001,1,8,12,12,0,0,0,0.016485536,447952,0.0,"Base.GC_Diff(447952, 0, 0, 9319, 12, 0, 0, 0, 0)",14886
MODEL1006230023,1,0,0,20,0,10,0,0.008941023,63856,0.0,"Base.GC_Diff(63856, 0, 0, 1585, 4, 0, 0, 0, 0)",14852
MODEL1006230107,1,0,0,20,0,7,0,0.009517253,67128,0.0,"Base.GC_Diff(67128, 0, 0, 1750, 4, 0, 0, 0, 0)",14670
MODEL1202270001,1,13,5,10,0,4,0,0.029758672,1868287,0.0,"Base.GC_Diff(1868287, 5, 0, 52837, 28, 0, 0, 0, 0)",14647
BIOMD0000000527,1,1,0,16,0,1,0,0.008794175,59680,0.0,"Base.GC_Diff(59680, 0, 0, 1271, 4, 0, 0, 0, 0)",14606
MODEL1006230036,1,0,0,12,0,5,0,0.008639347,599171,0.0,"Base.GC_Diff(599171, 0, 0, 9631, 11, 0, 0, 0, 0)",14596
MODEL1006230093,1,0,0,16,0,6,0,0.008765045,152063,0.0,"Base.GC_Diff(152063, 0, 0, 3218, 6, 0, 0, 0, 0)",14415
MODEL1006230013,1,0,0,20,0,12,0,0.008871914,371024,0.0,"Base.GC_Diff(371024, 1, 0, 7817, 10, 0, 0, 0, 0)",14036
MODEL1008060002,1,5,10,10,0,1,0,0.095115836,7732921,0.0,"Base.GC_Diff(7732921, 6, 0, 140546, 82, 0, 0, 0, 0)",13916
BIOMD0000000157,1,3,6,8,0,0,0,0.008694147,2781155,0.0,"Base.GC_Diff(2781155, 3, 0, 41124, 83, 0, 0, 0, 0)",13755
MODEL1112110004,1,7,0,22,0,13,0,0.073256073,7366333,0.0,"Base.GC_Diff(7366333, 4, 0, 134652, 119, 0, 0, 0, 0)",13748
MODEL0912452142,1,0,0,17,0,6,0,0.01431449,223440,0.0,"Base.GC_Diff(223440, 0, 0, 7061, 6, 0, 0, 0, 0)",13712
BIOMD0000000159,1,3,6,7,0,0,0,0.008425151,642112,0.0,"Base.GC_Diff(642112, 1, 0, 19665, 11, 0, 0, 0, 0)",13436
MODEL1006230103,1,0,0,11,0,5,0,0.026916795,1502699,0.0,"Base.GC_Diff(1502699, 1, 0, 22627, 25, 0, 0, 0, 0)",13409
MODEL0912388235,1,0,0,26,0,9,0,0.014577916,792423,0.0,"Base.GC_Diff(792423, 0, 0, 12128, 5, 0, 0, 0, 0)",13293
MODEL0848676877,1,0,0,19,0,8,0,0.020554313,2253276,0.0,"Base.GC_Diff(2253276, 2, 0, 36250, 36, 0, 0, 0, 0)",13288
MODEL1006230014,1,0,0,12,0,7,0,0.008579729,128282,0.0,"Base.GC_Diff(128282, 0, 0, 3118, 4, 0, 0, 0, 0)",13218
MODEL8102792069,1,4,6,8,0,1,0,0.060160554,5562212,0.0,"Base.GC_Diff(5562212, 2, 0, 104946, 78, 0, 0, 0, 0)",13055
MODEL5952308332,1,12,11,18,0,0,0,0.011115018,117392,0.0,"Base.GC_Diff(117392, 0, 0, 2265, 4, 0, 0, 0, 0)",12927
MODEL1705170001,1,6,8,8,0,0,0,0.008196385,557720,0.0,"Base.GC_Diff(557720, 1, 0, 17916, 11, 0, 0, 0, 0)",12883
BIOMD0000000155,1,2,4,10,0,1,0,0.007611442,229928,0.0,"Base.GC_Diff(229928, 0, 0, 5148, 6, 0, 0, 0, 0)",12875
MODEL1173105855,1,0,0,28,0,13,0,0.015128817,396208,0.0,"Base.GC_Diff(396208, 1, 0, 12897, 10, 0, 0, 0, 0)",12719
MODEL1008060000,1,3,5,9,1,1,0,0.009310727,61120,0.0,"Base.GC_Diff(61120, 0, 0, 1335, 2, 0, 0, 0, 0)",12438
BIOMD0000000156,1,3,5,7,0,0,0,0.007018082,303112,0.0,"Base.GC_Diff(303112, 0, 0, 6293, 9, 0, 0, 0, 0)",12429
MODEL0912160001,1,0,0,26,0,15,0,0.009149359,283979,0.0,"Base.GC_Diff(283979, 1, 0, 6268, 8, 0, 0, 0, 0)",12367
BIOMD0000000154,1,2,5,7,0,0,0,0.007018632,78136,0.0,"Base.GC_Diff(78136, 0, 0, 1486, 4, 0, 0, 0, 0)",12345
MODEL1006230111,1,0,0,12,0,5,0,0.007247948,341816,0.0,"Base.GC_Diff(341816, 1, 0, 8503, 11, 0, 0, 0, 0)",12335
MODEL1201140001,1,0,0,32,0,7,0,0.008919833,1070280,0.0,"Base.GC_Diff(1070280, 3, 0, 33470, 17, 0, 0, 0, 0)",11671
MODEL5954483266,1,3,4,12,0,2,0,0.007659193,245600,0.0,"Base.GC_Diff(245600, 0, 0, 4945, 9, 0, 0, 0, 0)",11579
MODEL6185511733,1,9,12,12,0,0,0,0.009673442,181720,0.0,"Base.GC_Diff(181720, 0, 0, 3459, 5, 0, 0, 0, 0)",11375
MODEL1108260015,1,6,0,20,0,6,0,0.010728024,479472,0.0,"Base.GC_Diff(479472, 1, 0, 10421, 17, 0, 0, 0, 0)",11337
MODEL1006230028,1,0,0,13,0,5,0,0.005934429,250344,0.0,"Base.GC_Diff(250344, 0, 0, 5162, 7, 0, 0, 0, 0)",10733
MODEL1009230000,1,3,5,6,0,1,0,0.007547424,52016,0.0,"Base.GC_Diff(52016, 0, 0, 933, 2, 0, 0, 0, 0)",10571
MODEL1172200168,1,0,0,14,0,3,0,0.008167214,276256,0.0,"Base.GC_Diff(276256, 0, 0, 6465, 10, 0, 0, 0, 0)",10404
MODEL6624199343,1,5,3,13,0,0,0,0.019620598,716312,0.0,"Base.GC_Diff(716312, 4, 0, 17262, 21, 0, 0, 0, 0)",10004
MODEL1202270000,1,8,2,4,0,3,0,0.008963352,456704,0.0,"Base.GC_Diff(456704, 0, 0, 12725, 7, 0, 0, 0, 0)",9653
MODEL1108260010,1,4,4,8,0,0,0,0.007520625,164744,0.0,"Base.GC_Diff(164744, 1, 0, 4277, 5, 0, 0, 0, 0)",9545
MODEL0911270004,1,0,0,14,0,3,0,0.011495033,259960,0.0,"Base.GC_Diff(259960, 1, 0, 7804, 9, 0, 0, 0, 0)",9535
MODEL1201140003,1,0,0,21,0,5,0,0.006176725,54608,0.0,"Base.GC_Diff(54608, 0, 0, 1306, 3, 0, 0, 0, 0)",9368
MODEL4028801312,1,0,0,7,0,3,0,0.006645528,203376,0.0,"Base.GC_Diff(203376, 1, 0, 4491, 7, 0, 0, 0, 0)",9268
MODEL1006230050,1,0,0,9,0,3,0,0.005044572,203592,0.0,"Base.GC_Diff(203592, 0, 0, 4900, 7, 0, 0, 0, 0)",9046
MODEL1201140005,1,0,0,10,0,5,0,0.005450616,242632,0.0,"Base.GC_Diff(242632, 1, 0, 7530, 7, 0, 0, 0, 0)",8843
MODEL0479926177,1,0,0,11,0,4,0,0.025198293,2777061,0.0,"Base.GC_Diff(2777061, 3, 0, 54707, 43, 0, 0, 0, 0)",8623
MODEL0911270006,1,0,0,10,0,5,0,0.004976174,333579,0.0,"Base.GC_Diff(333579, 0, 0, 4536, 2, 0, 0, 0, 0)",8592
MODEL0909931851,1,0,0,13,0,6,0,0.006305243,42832,0.0,"Base.GC_Diff(42832, 0, 0, 845, 3, 0, 0, 0, 0)",7439
MODEL0911532520,1,0,0,8,0,2,0,0.005393287,138352,0.0,"Base.GC_Diff(138352, 0, 0, 2386, 4, 0, 0, 0, 0)",7103
